{"stats":{"minecraft:custom":{"minecraft:jump":9,"minecraft:time_since_rest":50315,"minecraft:crouch_one_cm":124,"minecraft:play_one_minute":50315,"minecraft:leave_game":2,"minecraft:sprint_one_cm":1655,"minecraft:time_since_death":50315,"minecraft:walk_one_cm":7828,"minecraft:sneak_time":1006,"minecraft:fly_one_cm":364948},"minecraft:used":{"minecraft:quartz_block":368,"minecraft:cyan_terracotta":1,"minecraft:black_concrete":14,"minecraft:stone":15,"minecraft:quartz_stairs":242,"minecraft:quartz_slab":197}},"DataVersion":2586}