{"stats":{"minecraft:picked_up":{"minecraft:gray_shulker_box":1},"minecraft:used":{"minecraft:enchanted_golden_apple":995,"minecraft:gray_shulker_box":1},"minecraft:custom":{"minecraft:jump":9,"minecraft:time_since_rest":336,"minecraft:leave_game":1,"minecraft:deaths":1,"minecraft:crouch_one_cm":262,"minecraft:play_one_minute":34764,"minecraft:damage_taken":3240,"minecraft:sprint_one_cm":507,"minecraft:open_shulker_box":1,"minecraft:damage_absorbed":129760,"minecraft:time_since_death":294,"minecraft:walk_one_cm":1260,"minecraft:sneak_time":133,"minecraft:fly_one_cm":6379}},"DataVersion":2586}